user_id,role,added_at,token
1,viewer,2025-05-18T03:36:59.984117,b255175fc5254e81959ef58056af045f13ae47836b91016b8825962e2cabb3c5
2,editor,2025-01-01T18:38:42.321719,ba6b0bf43591941e9fe8bed2b16a8f1bf0fba85be5aee9f37942df7358cb77b8
3,viewer,2025-02-18T08:50:21.988822,b963fbd533df909d114b481c341976a487b0c2d792bebe28048d7cb6e62c109a
4,viewer,2025-04-26T19:25:48.759344,e78981c3a7569e205c6aa241d6f9b87ab6824272d40833382b5baa0ff2a42da0
5,viewer,2025-02-18T03:31:41.854492,84adebca93c57fc38709cac1bf556bb2f347819759130a8e1685a539d76423fb
6,admin,2025-04-03T08:05:07.508054,946fd87b982409be4588912eb5d651c99dc3d866232b60a9054abbe7b3152044
7,editor,2025-02-17T06:39:44.208890,aba77d181197b262fe978d66cc152f749f186c9d13c4e43345f8568ab7621be5
8,editor,2025-05-07T04:38:13.611277,0afd2a618a0f7e03656e10bd1214de7a0985248af94235886057bd504631329b
9,editor,2025-04-17T07:56:02.789459,5d03ca1d877e6dd86ee7853f3edde938bc498f5477f81584a0df678e55d9e631
10,editor,2025-02-03T09:03:43.150102,1bc924431f0920f561fce42632c24141ab9188031e4410568a13d40ab1ad1ccb
